Workbook

Sheet Dias com dados
A1: Ano | B1: Jan | C1: Fev | D1: Mar | E1: Abr | F1: Mai | G1: Jun | H1: Jul | I1: Ago | J1: Set | K1: Out | L1: Nov | M1: Dez
A2: 1999 | B2: =0/'% aproveitamento mensal'!B24 -> 0 | C2: 0 | D2: 0 | E2: 0 | F2: 0 | G2: 1 | H2: 2 | I2: 0 | J2: 4 | K2: 0 | L2: 0 | M2: 1
A3: 2000 | B3: 0 | C3: 0 | D3: 3 | E3: 0 | F3: 0 | G3: 3 | H3: 0 | I3: 6 | J3: 0 | K3: 14 | L3: 0 | M3: 0
A4: 2001 | B4: 0 | C4: 0 | D4: 14 | E4: 9 | F4: 3 | G4: 1 | H4: 4 | I4: 20 | J4: 15 | K4: 3 | L4: 4 | M4: 0
A5: 2002 | B5: 11 | C5: 9 | D5: 0 | E5: 0 | F5: 0 | G5: 2 | H5: 30 | I5: 31 | J5: 1 | K5: 18 | L5: 1 | M5: 1
A6: 2003 | B6: 5 | C6: 0 | D6: 17 | E6: 0 | F6: 12 | G6: 29 | H6: 28 | I6: 31 | J6: 30 | K6: 31 | L6: 26 | M6: 27
A7: 2004 | B7: 27 | C7: 29 | D7: 29 | E7: 28 | F7: 31 | G7: 30 | H7: 30 | I7: 31 | J7: 30 | K7: 31 | L7: 30 | M7: 25
A8: 2005 | B8: 23 | C8: 27 | D8: 30 | E8: 30 | F8: 29 | G8: 28 | H8: 31 | I8: 1 | J8: 0 | K8: 0 | L8: 0 | M8: 0
A9: 2006 | B9: 0 | C9: 0 | D9: 0 | E9: 0 | F9: 0 | G9: 17 | H9: 31 | I9: 4 | J9: 15 | K9: 24 | L9: 25 | M9: 27
A10: 2007 | B10: 29 | C10: 27 | D10: 31 | E10: 22 | F10: 27 | G10: 26 | H10: 23 | I10: 29 | J10: 9 | K10: 11 | L10: 11 | M10: 27
A11: 2008 | B11: 28 | C11: 24 | D11: 2 | E11: 0 | F11: 0 | G11: 0 | H11: 0 | I11: 0 | J11: 0 | K11: 0 | L11: 16 | M11: 24
A12: 2009 | B12: 26 | C12: 17 | D12: 25 | E12: 22 | F12: 0 | G12: 18 | H12: 25 | I12: 14 | J12: 12 | K12: 28 | L12: 30 | M12: 30
A13: 2010 | B13: 30 | C13: 26 | D13: 29 | E13: 29 | F13: 28 | G13: 30 | H13: 28 | I13: 22 | J13: 19 | K13: 31 | L13: 30 | M13: 23
A14: 2011 | B14: 27 | C14: 28 | D14: 31 | E14: 30 | F14: 31 | G14: 27 | H14: 30 | I14: 31 | J14: 30 | K14: 29 | L14: 30 | M14: 18
... A23: 2020 | B23: 9 | C23: 29 | D23: 19 | E23: 0 | F23: 0 | G23: 0 | H23: 0 | I23: 0 | J23: 0 | K23: 0 | L23: 0 | M23: 0

Sheet % aproveitamento mensal
A1: Ano | B1: Jan | C1: Fev | D1: Mar | E1: Abr | F1: Mai | G1: Jun | H1: Jul | I1: Ago | J1: Set | K1: Out | L1: Nov | M1: Dec | N1: Média simples
A2: 1999 | B2: ='Dias com dados'!B2/'% aproveitamento mensal'!B24 -> 0 | C2: ='Dias com dados'!C2/'% aproveitamento mensal'!C24 -> 0 | D2: ='Dias com dados'!D2/'% aproveitamento mensal'!D24 -> 0 | E2: ='Dias com dados'!E2/'% aproveitamento mensal'!E24 -> 0 | F2: ='Dias com dados'!F2/'% aproveitamento mensal'!F24 -> 0 | G2: ='Dias com dados'!G2/'% aproveitamento mensal'!G24 -> 0.033333333 | H2: ='Dias com dados'!H2/'% aproveitamento mensal'!H24 -> 0.064516129 | I2: ='Dias com dados'!I2/'% aproveitamento mensal'!I24 -> 0 | ... M2: ='Dias com dados'!M2/'% aproveitamento mensal'!M24 -> 0.032258065 | N2: =AVERAGE(B2:M2) -> 0.021953405
A3: 2000 | B3: ='Dias com dados'!B3/'% aproveitamento mensal'!B24 -> 0 | C3: ='Dias com dados'!C3/'% aproveitamento mensal'!C24 -> 0 | D3: ='Dias com dados'!D3/'% aproveitamento mensal'!D24 -> 0.096774194 | E3: ='Dias com dados'!E3/'% aproveitamento mensal'!E24 -> 0 | F3: ='Dias com dados'!F3/'% aproveitamento mensal'!F24 -> 0 | G3: ='Dias com dados'!G3/'% aproveitamento mensal'!G24 -> 0.1 | H3: ='Dias com dados'!H3/'% aproveitamento mensal'!H24 -> 0 | I3: ='Dias com dados'!I3/'% aproveitamento mensal'!I24 -> 0.19354839 | ... M3: ='Dias com dados'!M3/'% aproveitamento mensal'!M24 -> 0 | N3: =AVERAGE(B3:M3) -> 0.07016129
A4: 2001 | B4: ='Dias com dados'!B4/'% aproveitamento mensal'!B24 -> 0 | C4: ='Dias com dados'!C4/'% aproveitamento mensal'!C24 -> 0 | D4: ='Dias com dados'!D4/'% aproveitamento mensal'!D24 -> 0.4516129 | E4: ='Dias com dados'!E4/'% aproveitamento mensal'!E24 -> 0.3 | F4: ='Dias com dados'!F4/'% aproveitamento mensal'!F24 -> 0.096774194 | G4: ='Dias com dados'!G4/'% aproveitamento mensal'!G24 -> 0.033333333 | H4: ='Dias com dados'!H4/'% aproveitamento mensal'!H24 -> 0.12903226 | I4: ='Dias com dados'!I4/'% aproveitamento mensal'!I24 -> 0.64516129 | ... M4: ='Dias com dados'!M4/'% aproveitamento mensal'!M24 -> 0 | N4: =AVERAGE(B4:M4) -> 0.19883513
A5: 2002 | B5: ='Dias com dados'!B5/'% aproveitamento mensal'!B24 -> 0.35483871 | C5: ='Dias com dados'!C5/'% aproveitamento mensal'!C24 -> 0.32142857 | D5: ='Dias com dados'!D5/'% aproveitamento mensal'!D24 -> 0 | E5: ='Dias com dados'!E5/'% aproveitamento mensal'!E24 -> 0 | F5: ='Dias com dados'!F5/'% aproveitamento mensal'!F24 -> 0 | G5: ='Dias com dados'!G5/'% aproveitamento mensal'!G24 -> 0.066666667 | H5: ='Dias com dados'!H5/'% aproveitamento mensal'!H24 -> 0.96774194 | I5: ='Dias com dados'!I5/'% aproveitamento mensal'!I24 -> 1 | ... M5: ='Dias com dados'!M5/'% aproveitamento mensal'!M24 -> 0.032258065 | N5: =AVERAGE(B5:M5) -> 0.28252048
A6: 2003 | B6: ='Dias com dados'!B6/'% aproveitamento mensal'!B24 -> 0.16129032 | C6: ='Dias com dados'!C6/'% aproveitamento mensal'!C24 -> 0 | D6: ='Dias com dados'!D6/'% aproveitamento mensal'!D24 -> 0.5483871 | E6: ='Dias com dados'!E6/'% aproveitamento mensal'!E24 -> 0 | F6: ='Dias com dados'!F6/'% aproveitamento mensal'!F24 -> 0.38709677 | G6: ='Dias com dados'!G6/'% aproveitamento mensal'!G24 -> 0.96666667 | H6: ='Dias com dados'!H6/'% aproveitamento mensal'!H24 -> 0.90322581 | I6: ='Dias com dados'!I6/'% aproveitamento mensal'!I24 -> 1 | ... M6: ='Dias com dados'!M6/'% aproveitamento mensal'!M24 -> 0.87096774 | N6: =AVERAGE(B6:M6) -> 0.64202509
A7: 2004 | B7: ='Dias com dados'!B7/'% aproveitamento mensal'!B24 -> 0.87096774 | C7: 1 | D7: ='Dias com dados'!D7/'% aproveitamento mensal'!D24 -> 0.93548387 | E7: ='Dias com dados'!E7/'% aproveitamento mensal'!E24 -> 0.93333333 | F7: ='Dias com dados'!F7/'% aproveitamento mensal'!F24 -> 1 | G7: ='Dias com dados'!G7/'% aproveitamento mensal'!G24 -> 1 | H7: ='Dias com dados'!H7/'% aproveitamento mensal'!H24 -> 0.96774194 | I7: ='Dias com dados'!I7/'% aproveitamento mensal'!I24 -> 1 | J7: ='Dias com dados'!J7/'% aproveitamento mensal'!J24 -> 1 | K7: ='Dias com dados'!K7/'% aproveitamento mensal'!K24 -> 1 | ... M7: ='Dias com dados'!M7/'% aproveitamento mensal'!M24 -> 0.80645161 | N7: =AVERAGE(B7:M7) -> 0.95949821
A8: 2005 | B8: ='Dias com dados'!B8/'% aproveitamento mensal'!B24 -> 0.74193548 | C8: ='Dias com dados'!C8/'% aproveitamento mensal'!C24 -> 0.96428571 | D8: ='Dias com dados'!D8/'% aproveitamento mensal'!D24 -> 0.96774194 | E8: ='Dias com dados'!E8/'% aproveitamento mensal'!E24 -> 1 | F8: ='Dias com dados'!F8/'% aproveitamento mensal'!F24 -> 0.93548387 | G8: ='Dias com dados'!G8/'% aproveitamento mensal'!G24 -> 0.93333333 | H8: ='Dias com dados'!H8/'% aproveitamento mensal'!H24 -> 1 | I8: ='Dias com dados'!I8/'% aproveitamento mensal'!I24 -> 0.032258065 | ... M8: ='Dias com dados'!M8/'% aproveitamento mensal'!M24 -> 0 | N8: =AVERAGE(B8:M8) -> 0.54791987
A9: 2006 | B9: ='Dias com dados'!B9/'% aproveitamento mensal'!B24 -> 0 | C9: ='Dias com dados'!C9/'% aproveitamento mensal'!C24 -> 0 | D9: ='Dias com dados'!D9/'% aproveitamento mensal'!D24 -> 0 | E9: ='Dias com dados'!E9/'% aproveitamento mensal'!E24 -> 0 | F9: ='Dias com dados'!F9/'% aproveitamento mensal'!F24 -> 0 | G9: ='Dias com dados'!G9/'% aproveitamento mensal'!G24 -> 0.56666667 | H9: ='Dias com dados'!H9/'% aproveitamento mensal'!H24 -> 1 | I9: ='Dias com dados'!I9/'% aproveitamento mensal'!I24 -> 0.12903226 | ... M9: ='Dias com dados'!M9/'% aproveitamento mensal'!M24 -> 0.87096774 | N9: =AVERAGE(B9:M9) -> 0.38951613
A10: 2007 | B10: ='Dias com dados'!B10/'% aproveitamento mensal'!B24 -> 0.93548387 | C10: ='Dias com dados'!C10/'% aproveitamento mensal'!C24 -> 0.96428571 | D10: ='Dias com dados'!D10/'% aproveitamento mensal'!D24 -> 1 | E10: ='Dias com dados'!E10/'% aproveitamento mensal'!E24 -> 0.73333333 | F10: ='Dias com dados'!F10/'% aproveitamento mensal'!F24 -> 0.87096774 | G10: ='Dias com dados'!G10/'% aproveitamento mensal'!G24 -> 0.86666667 | H10: ='Dias com dados'!H10/'% aproveitamento mensal'!H24 -> 0.74193548 | I10: ='Dias com dados'!I10/'% aproveitamento mensal'!I24 -> 0.93548387 | ... M10: ='Dias com dados'!M10/'% aproveitamento mensal'!M24 -> 0.87096774 | N10: =AVERAGE(B10:M10) -> 0.74505248
A11: 2008 | B11: ='Dias com dados'!B11/'% aproveitamento mensal'!B24 -> 0.90322581 | C11: ='Dias com dados'!C11/'% aproveitamento mensal'!C24 -> 0.85714286 | D11: ='Dias com dados'!D11/'% aproveitamento mensal'!D24 -> 0.064516129 | E11: ='Dias com dados'!E11/'% aproveitamento mensal'!E24 -> 0 | F11: ='Dias com dados'!F11/'% aproveitamento mensal'!F24 -> 0 | G11: ='Dias com dados'!G11/'% aproveitamento mensal'!G24 -> 0 | H11: ='Dias com dados'!H11/'% aproveitamento mensal'!H24 -> 0 | I11: ='Dias com dados'!I11/'% aproveitamento mensal'!I24 -> 0 | ... M11: ='Dias com dados'!M11/'% aproveitamento mensal'!M24 -> 0.77419355 | N11: =AVERAGE(B11:M11) -> 0.26103431
A12: 2009 | B12: ='Dias com dados'!B12/'% aproveitamento mensal'!B24 -> 0.83870968 | C12: ='Dias com dados'!C12/'% aproveitamento mensal'!C24 -> 0.60714286 | D12: ='Dias com dados'!D12/'% aproveitamento mensal'!D24 -> 0.80645161 | E12: ='Dias com dados'!E12/'% aproveitamento mensal'!E24 -> 0.73333333 | F12: ='Dias com dados'!F12/'% aproveitamento mensal'!F24 -> 0 | G12: ='Dias com dados'!G12/'% aproveitamento mensal'!G24 -> 0.6 | H12: ='Dias com dados'!H12/'% aproveitamento mensal'!H24 -> 0.80645161 | I12: ='Dias com dados'!I12/'% aproveitamento mensal'!I24 -> 0.4516129 | ... M12: ='Dias com dados'!M12/'% aproveitamento mensal'!M24 -> 0.96774194 | N12: =AVERAGE(B12:M12) -> 0.67622248
A13: 2010 | B13: ='Dias com dados'!B13/'% aproveitamento mensal'!B24 -> 0.96774194 | C13: ='Dias com dados'!C13/'% aproveitamento mensal'!C24 -> 0.92857143 | D13: ='Dias com dados'!D13/'% aproveitamento mensal'!D24 -> 0.93548387 | E13: ='Dias com dados'!E13/'% aproveitamento mensal'!E24 -> 0.96666667 | F13: ='Dias com dados'!F13/'% aproveitamento mensal'!F24 -> 0.90322581 | G13: ='Dias com dados'!G13/'% aproveitamento mensal'!G24 -> 1 | H13: ='Dias com dados'!H13/'% aproveitamento mensal'!H24 -> 0.90322581 | I13: ='Dias com dados'!I13/'% aproveitamento mensal'!I24 -> 0.70967742 | ... M13: ='Dias com dados'!M13/'% aproveitamento mensal'!M24 -> 0.74193548 | N13: =AVERAGE(B13:M13) -> 0.89082181
A14: 2011 | B14: ='Dias com dados'!B14/'% aproveitamento mensal'!B24 -> 0.87096774 | C14: ='Dias com dados'!C14/'% aproveitamento mensal'!C24 -> 1 | D14: ='Dias com dados'!D14/'% aproveitamento mensal'!D24 -> 1 | E14: ='Dias com dados'!E14/'% aproveitamento mensal'!E24 -> 1 | F14: ='Dias com dados'!F14/'% aproveitamento mensal'!F24 -> 1 | G14: ='Dias com dados'!G14/'% aproveitamento mensal'!G24 -> 0.9 | H14: ='Dias com dados'!H14/'% aproveitamento mensal'!H24 -> 0.96774194 | I14: ='Dias com dados'!I14/'% aproveitamento mensal'!I24 -> 1 | ... M14: ='Dias com dados'!M14/'% aproveitamento mensal'!M24 -> 0.58064516 | N14: =AVERAGE(B14:M14) -> 0.93790323
A15: 2012 | B15: ='Dias com dados'!B15/'% aproveitamento mensal'!B24 -> 0.93548387 | C15: 1 | D15: ='Dias com dados'!D15/'% aproveitamento mensal'!D24 -> 1 | E15: ='Dias com dados'!E15/'% aproveitamento mensal'!E24 -> 1 | F15: ='Dias com dados'!F15/'% aproveitamento mensal'!F24 -> 1 | G15: ='Dias com dados'!G15/'% aproveitamento mensal'!G24 -> 1 | H15: ='Dias com dados'!H15/'% aproveitamento mensal'!H24 -> 0.96774194 | I15: ='Dias com dados'!I15/'% aproveitamento mensal'!I24 -> 1 | J15: ='Dias com dados'!J15/'% aproveitamento mensal'!J24 -> 0.9 | K15: ='Dias com dados'!K15/'% aproveitamento mensal'!K24 -> 1 | ... M15: ='Dias com dados'!M15/'% aproveitamento mensal'!M24 -> 1 | N15: =AVERAGE(B15:M15) -> 0.98360215
A16: 2013 | B16: ='Dias com dados'!B16/'% aproveitamento mensal'!B24 -> 1 | C16: ='Dias com dados'!C16/'% aproveitamento mensal'!C24 -> 1 | D16: ='Dias com dados'!D16/'% aproveitamento mensal'!D24 -> 1 | E16: ='Dias com dados'!E16/'% aproveitamento mensal'!E24 -> 1 | F16: ='Dias com dados'!F16/'% aproveitamento mensal'!F24 -> 1 | G16: ='Dias com dados'!G16/'% aproveitamento mensal'!G24 -> 1 | H16: ='Dias com dados'!H16/'% aproveitamento mensal'!H24 -> 1 | I16: ='Dias com dados'!I16/'% aproveitamento mensal'!I24 -> 1 | ... M16: ='Dias com dados'!M16/'% aproveitamento mensal'!M24 -> 0.74193548 | N16: =AVERAGE(B16:M16) -> 0.97849462
A17: 2014 | B17: ='Dias com dados'!B17/'% aproveitamento mensal'!B24 -> 0.96774194 | C17: ='Dias com dados'!C17/'% aproveitamento mensal'!C24 -> 1 | D17: ='Dias com dados'!D17/'% aproveitamento mensal'!D24 -> 1 | E17: ='Dias com dados'!E17/'% aproveitamento mensal'!E24 -> 1 | F17: ='Dias com dados'!F17/'% aproveitamento mensal'!F24 -> 1 | G17: ='Dias com dados'!G17/'% aproveitamento mensal'!G24 -> 1 | H17: ='Dias com dados'!H17/'% aproveitamento mensal'!H24 -> 1 | I17: ='Dias com dados'!I17/'% aproveitamento mensal'!I24 -> 0.93548387 | ... M17: ='Dias com dados'!M17/'% aproveitamento mensal'!M24 -> 0.70967742 | N17: =AVERAGE(B17:M17) -> 0.93763441
A18: 2015 | B18: ='Dias com dados'!B18/'% aproveitamento mensal'!B24 -> 0.90322581 | C18: ='Dias com dados'!C18/'% aproveitamento mensal'!C24 -> 0.17857143 | D18: ='Dias com dados'!D18/'% aproveitamento mensal'!D24 -> 0.74193548 | E18: ='Dias com dados'!E18/'% aproveitamento mensal'!E24 -> 0.5 | F18: ='Dias com dados'!F18/'% aproveitamento mensal'!F24 -> 0.96774194 | G18: ='Dias com dados'!G18/'% aproveitamento mensal'!G24 -> 0.93333333 | H18: ='Dias com dados'!H18/'% aproveitamento mensal'!H24 -> 0.70967742 | I18: ='Dias com dados'!I18/'% aproveitamento mensal'!I24 -> 0.87096774 | ... M18: ='Dias com dados'!M18/'% aproveitamento mensal'!M24 -> 1 | N18: =AVERAGE(B18:M18) -> 0.81156554
A19: 2016 | B19: ='Dias com dados'!B19/'% aproveitamento mensal'!B24 -> 0.96774194 | C19: ='Dias com dados'!C19/'% aproveitamento mensal'!C24 -> 0 | D19: ='Dias com dados'!D19/'% aproveitamento mensal'!D24 -> 0.4516129 | E19: ='Dias com dados'!E19/'% aproveitamento mensal'!E24 -> 0.7 | F19: ='Dias com dados'!F19/'% aproveitamento mensal'!F24 -> 0 | G19: ='Dias com dados'!G19/'% aproveitamento mensal'!G24 -> 0 | H19: ='Dias com dados'!H19/'% aproveitamento mensal'!H24 -> 0.064516129 | I19: ='Dias com dados'!I19/'% aproveitamento mensal'!I24 -> 0.22580645 | ... M19: ='Dias com dados'!M19/'% aproveitamento mensal'!M24 -> 0.22580645 | N19: =AVERAGE(B19:M19) -> 0.31827957
A20: 2017 | B20: ='Dias com dados'!B20/'% aproveitamento mensal'!B24 -> 0 | C20: ='Dias com dados'!C20/'% aproveitamento mensal'!C24 -> 0 | D20: ='Dias com dados'!D20/'% aproveitamento mensal'!D24 -> 0 | E20: ='Dias com dados'!E20/'% aproveitamento mensal'!E24 -> 0 | F20: ='Dias com dados'!F20/'% aproveitamento mensal'!F24 -> 0 | G20: ='Dias com dados'!G20/'% aproveitamento mensal'!G24 -> 0.63333333 | H20: ='Dias com dados'!H20/'% aproveitamento mensal'!H24 -> 0.61290323 | I20: ='Dias com dados'!I20/'% aproveitamento mensal'!I24 -> 0.90322581 | ... M20: ='Dias com dados'!M20/'% aproveitamento mensal'!M24 -> 0.064516129 | N20: =AVERAGE(B20:M20) -> 0.42894265
A21: 2018 | B21: ='Dias com dados'!B21/'% aproveitamento mensal'!B24 -> 0 | C21: ='Dias com dados'!C21/'% aproveitamento mensal'!C24 -> 0 | D21: ='Dias com dados'!D21/'% aproveitamento mensal'!D24 -> 0.58064516 | E21: ='Dias com dados'!E21/'% aproveitamento mensal'!E24 -> 1 | F21: ='Dias com dados'!F21/'% aproveitamento mensal'!F24 -> 0.96774194 | G21: ='Dias com dados'!G21/'% aproveitamento mensal'!G24 -> 1 | H21: ='Dias com dados'!H21/'% aproveitamento mensal'!H24 -> 1 | I21: ='Dias com dados'!I21/'% aproveitamento mensal'!I24 -> 0.96774194 | ... M21: ='Dias com dados'!M21/'% aproveitamento mensal'!M24 -> 0.74193548 | N21: =AVERAGE(B21:M21) -> 0.74094982
A22: 2019 | B22: ='Dias com dados'!B22/'% aproveitamento mensal'!B24 -> 0.48387097 | C22: ='Dias com dados'!C22/'% aproveitamento mensal'!C24 -> 0 | D22: ='Dias com dados'!D22/'% aproveitamento mensal'!D24 -> 0.5483871 | E22: ='Dias com dados'!E22/'% aproveitamento mensal'!E24 -> 0.96666667 | F22: ='Dias com dados'!F22/'% aproveitamento mensal'!F24 -> 0.93548387 | G22: ='Dias com dados'!G22/'% aproveitamento mensal'!G24 -> 1 | H22: ='Dias com dados'!H22/'% aproveitamento mensal'!H24 -> 1 | I22: ='Dias com dados'!I22/'% aproveitamento mensal'!I24 -> 1 | ... M22: ='Dias com dados'!M22/'% aproveitamento mensal'!M24 -> 0.83870968 | N22: =AVERAGE(B22:M22) -> 0.80905018
A23: Média | B23: =AVERAGE(B2:B22) -> 0.56682028 | C23: =AVERAGE(C2:C22) -> 0.46768707 | D23: =AVERAGE(D2:D22) -> 0.57757296 | E23: =AVERAGE(E2:E22) -> 0.56349206 | F23: =AVERAGE(F2:F22) -> 0.52688172 | G23: =AVERAGE(G2:G22) -> 0.64920635 | H23: =AVERAGE(H2:H22) -> 0.70506912 | I23: =AVERAGE(I2:I22) -> 0.66666667 | ... M23: =AVERAGE(M2:M22) -> 0.56528418
A24: Dias totais (mês) | B24: 31 | C24: 28 | D24: 31 | E24: 30 | F24: 31 | G24: 30 | H24: 31 | I24: 31 | J24: 30 | K24: 31 | L24: 30 | M24: 31
